case_id,image_file,source_path,duplicate_flag
C00001,C00001.png,/shared/home/mai/JeongGeon/Private/CXR/Merged/images/24_0520G_01.png,0
C00002,C00002.png,/shared/home/mai/JeongGeon/Private/CXR/Merged/images/24_0520G_02.png,0
C00003,C00003.png,/shared/home/mai/JeongGeon/Private/CXR/Merged/images/24_0520G_03.png,0
C00004,C00004.png,/shared/home/mai/JeongGeon/Private/CXR/Merged/images/24_0520G_04.png,0
C00005,C00005.png,/shared/home/mai/JeongGeon/Private/CXR/Merged/images/24_0520G_05.png,0
C00006,C00006.png,/shared/home/mai/JeongGeon/Private/CXR/Merged/images/24_0520G_06.png,0
C00007,C00007.png,/shared/home/mai/JeongGeon/Private/CXR/Merged/images/24_0520G_07.png,0
C00008,C00008.png,/shared/home/mai/JeongGeon/Private/CXR/Merged/images/24_0520G_08.png,0
C00009,C00009.png,/shared/home/mai/JeongGeon/Private/CXR/Merged/images/24_0520G_09.png,0
C00010,C00010.png,/shared/home/mai/JeongGeon/Private/CXR/Merged/images/24_0520G_10.png,0
C00011,C00011.png,/shared/home/mai/JeongGeon/Private/CXR/Merged/images/24_0506I_01.png,0
C00012,C00012.png,/shared/home/mai/JeongGeon/Private/CXR/Merged/images/24_0506I_02.png,0
C00013,C00013.png,/shared/home/mai/JeongGeon/Private/CXR/Merged/images/24_0506I_03.png,0
C00014,C00014.png,/shared/home/mai/JeongGeon/Private/CXR/Merged/images/24_0506I_04.png,0
C00015,C00015.png,/shared/home/mai/JeongGeon/Private/CXR/Merged/images/24_0506I_05.png,0
C00016,C00016.png,/shared/home/mai/JeongGeon/Private/CXR/Merged/images/24_0506I_06.png,0
C00017,C00017.png,/shared/home/mai/JeongGeon/Private/CXR/Merged/images/24_0506I_09.png,0
C00018,C00018.png,/shared/home/mai/JeongGeon/Private/CXR/Merged/images/24_0506I_11.png,0
C00019,C00019.png,/shared/home/mai/JeongGeon/Private/CXR/Merged/images/24_0509H_01.png,0
C00020,C00020.png,/shared/home/mai/JeongGeon/Private/CXR/Merged/images/24_0509H_02.png,0
C00021,C00021.png,/shared/home/mai/JeongGeon/Private/CXR/Merged/images/24_0509H_03.png,0
C00022,C00022.png,/shared/home/mai/JeongGeon/Private/CXR/Merged/images/24_0509H_04.png,0
C00023,C00023.png,/shared/home/mai/JeongGeon/Private/CXR/Merged/images/24_0509H_05.png,0
C00024,C00024.png,/shared/home/mai/JeongGeon/Private/CXR/Merged/images/24_0509H_06.png,0
C00025,C00025.png,/shared/home/mai/JeongGeon/Private/CXR/Merged/images/24_0509H_11.png,0
C00026,C00026.png,/shared/home/mai/JeongGeon/Private/CXR/Merged/images/24_1213I_01.png,0
C00027,C00027.png,/shared/home/mai/JeongGeon/Private/CXR/Merged/images/24_1213I_04.png,0
C00028,C00028.png,/shared/home/mai/JeongGeon/Private/CXR/Merged/images/24_1213I_06.png,0
C00029,C00029.png,/shared/home/mai/JeongGeon/Private/CXR/Merged/images/24_1213I_07.png,0
C00030,C00030.png,/shared/home/mai/JeongGeon/Private/CXR/Merged/images/24_1213I_08.png,0
C00031,C00031.png,/shared/home/mai/JeongGeon/Private/CXR/Merged/images/24_1213I_09.png,0
C00032,C00032.png,/shared/home/mai/JeongGeon/Private/CXR/Merged/images/24_1213I_10.png,0
C00033,C00033.png,/shared/home/mai/JeongGeon/Private/CXR/Merged/images/24_1213I_11.png,0
C00034,C00034.png,/shared/home/mai/JeongGeon/Private/CXR/Merged/images/24_0601H_01.png,0
C00035,C00035.png,/shared/home/mai/JeongGeon/Private/CXR/Merged/images/24_0601H_06.png,0
C00036,C00036.png,/shared/home/mai/JeongGeon/Private/CXR/Merged/images/24_0601H_10.png,0
C00037,C00037.png,/shared/home/mai/JeongGeon/Private/CXR/Merged/images/26_0420B_09.png,0
C00038,C00038.png,/shared/home/mai/JeongGeon/Private/CXR/Merged/images/26_0420B_10.png,0
C00039,C00039.png,/shared/home/mai/JeongGeon/Private/CXR/Merged/images/26_0420B_11.png,0
C00040,C00040.png,/shared/home/mai/JeongGeon/Private/CXR/Merged/images/24_1213B_01.png,0
C00041,C00041.png,/shared/home/mai/JeongGeon/Private/CXR/Merged/images/24_1213B_02.png,0
C00042,C00042.png,/shared/home/mai/JeongGeon/Private/CXR/Merged/images/24_1213B_03.png,0
C00043,C00043.png,/shared/home/mai/JeongGeon/Private/CXR/Merged/images/24_1213B_04.png,0
C00044,C00044.png,/shared/home/mai/JeongGeon/Private/CXR/Merged/images/24_1213B_05.png,0
C00045,C00045.png,/shared/home/mai/JeongGeon/Private/CXR/Merged/images/24_1213B_06.png,0
C00046,C00046.png,/shared/home/mai/JeongGeon/Private/CXR/Merged/images/24_1213B_07.png,0
C00047,C00047.png,/shared/home/mai/JeongGeon/Private/CXR/Merged/images/24_1213B_08.png,0
C00048,C00048.png,/shared/home/mai/JeongGeon/Private/CXR/Merged/images/24_1113A_02.png,0
C00049,C00049.png,/shared/home/mai/JeongGeon/Private/CXR/Merged/images/24_1113A_03.png,0
C00050,C00050.png,/shared/home/mai/JeongGeon/Private/CXR/Merged/images/24_1113A_04.png,0
C00051,C00051.png,/shared/home/mai/JeongGeon/Private/CXR/Merged/images/24_1113A_05.png,0
C00052,C00052.png,/shared/home/mai/JeongGeon/Private/CXR/Merged/images/24_1113A_06.png,0
C00053,C00053.png,/shared/home/mai/JeongGeon/Private/CXR/Merged/images/24_1113A_07.png,0
C00054,C00054.png,/shared/home/mai/JeongGeon/Private/CXR/Merged/images/24_1113A_08.png,0
C00055,C00055.png,/shared/home/mai/JeongGeon/Private/CXR/Merged/images/24_1113A_09.png,0
C00056,C00056.png,/shared/home/mai/JeongGeon/Private/CXR/Merged/images/24_1213A_01.png,0
C00057,C00057.png,/shared/home/mai/JeongGeon/Private/CXR/Merged/images/24_1213A_02.png,0
C00058,C00058.png,/shared/home/mai/JeongGeon/Private/CXR/Merged/images/24_1213A_03.png,0
C00059,C00059.png,/shared/home/mai/JeongGeon/Private/CXR/Merged/images/24_1213A_04.png,0
C00060,C00060.png,/shared/home/mai/JeongGeon/Private/CXR/Merged/images/24_1213A_05.png,0
C00061,C00061.png,/shared/home/mai/JeongGeon/Private/CXR/Merged/images/24_1213A_06.png,0
C00062,C00062.png,/shared/home/mai/JeongGeon/Private/CXR/Merged/images/24_1213A_07.png,0
C00063,C00063.png,/shared/home/mai/JeongGeon/Private/CXR/Merged/images/24_1213A_08.png,0
C00064,C00064.png,/shared/home/mai/JeongGeon/Private/CXR/Merged/images/26_0428C_05.png,0
C00065,C00065.png,/shared/home/mai/JeongGeon/Private/CXR/Merged/images/26_0428C_06.png,0
C00066,C00066.png,/shared/home/mai/JeongGeon/Private/CXR/Merged/images/26_0428C_10.png,0
C00067,C00067.png,/shared/home/mai/JeongGeon/Private/CXR/Merged/images/26_0428C_11.png,0
C00068,C00068.png,/shared/home/mai/JeongGeon/Private/CXR/Merged/images/26_0428C_13.png,0
C00069,C00069.png,/shared/home/mai/JeongGeon/Private/CXR/Merged/images/26_0428C_14.png,0
C00070,C00070.png,/shared/home/mai/JeongGeon/Private/CXR/Merged/images/24_0407A_01.png,0
C00071,C00071.png,/shared/home/mai/JeongGeon/Private/CXR/Merged/images/24_0407A_02.png,0
C00072,C00072.png,/shared/home/mai/JeongGeon/Private/CXR/Merged/images/24_0407A_03.png,0
C00073,C00073.png,/shared/home/mai/JeongGeon/Private/CXR/Merged/images/24_0407A_04.png,0
C00074,C00074.png,/shared/home/mai/JeongGeon/Private/CXR/Merged/images/24_0407A_05.png,0
C00075,C00075.png,/shared/home/mai/JeongGeon/Private/CXR/Merged/images/24_0407A_06.png,0
C00076,C00076.png,/shared/home/mai/JeongGeon/Private/CXR/Merged/images/24_0407A_07.png,0
C00077,C00077.png,/shared/home/mai/JeongGeon/Private/CXR/Merged/images/24_0407A_08.png,0
C00078,C00078.png,/shared/home/mai/JeongGeon/Private/CXR/Merged/images/24_0407A_09.png,0
C00079,C00079.png,/shared/home/mai/JeongGeon/Private/CXR/Merged/images/24_0407A_10.png,0
C00080,C00080.png,/shared/home/mai/JeongGeon/Private/CXR/Merged/images/26_0423D_04.png,0
C00081,C00081.png,/shared/home/mai/JeongGeon/Private/CXR/Merged/images/26_0423D_05.png,0
C00082,C00082.png,/shared/home/mai/JeongGeon/Private/CXR/Merged/images/26_0423D_06.png,0
C00083,C00083.png,/shared/home/mai/JeongGeon/Private/CXR/Merged/images/26_0422C_04.png,0
C00084,C00084.png,/shared/home/mai/JeongGeon/Private/CXR/Merged/images/26_0422C_05.png,0
C00085,C00085.png,/shared/home/mai/JeongGeon/Private/CXR/Merged/images/26_0422C_10.png,0
C00086,C00086.png,/shared/home/mai/JeongGeon/Private/CXR/Merged/images/26_0422C_11.png,0
C00087,C00087.png,/shared/home/mai/JeongGeon/Private/CXR/Merged/images/26_0416A_06.png,0
C00088,C00088.png,/shared/home/mai/JeongGeon/Private/CXR/Merged/images/26_0416A_07.png,0
C00089,C00089.png,/shared/home/mai/JeongGeon/Private/CXR/Merged/images/26_0416A_09.png,0
C00090,C00090.png,/shared/home/mai/JeongGeon/Private/CXR/Merged/images/26_0416A_10.png,0
C00091,C00091.png,/shared/home/mai/JeongGeon/Private/CXR/Merged/images/24_0509B_02.png,0
C00092,C00092.png,/shared/home/mai/JeongGeon/Private/CXR/Merged/images/24_0509B_03.png,0
C00093,C00093.png,/shared/home/mai/JeongGeon/Private/CXR/Merged/images/24_0509B_04.png,0
C00094,C00094.png,/shared/home/mai/JeongGeon/Private/CXR/Merged/images/24_0509B_05.png,0
C00095,C00095.png,/shared/home/mai/JeongGeon/Private/CXR/Merged/images/24_0509B_06.png,0
C00096,C00096.png,/shared/home/mai/JeongGeon/Private/CXR/Merged/images/24_0509B_07.png,0
C00097,C00097.png,/shared/home/mai/JeongGeon/Private/CXR/Merged/images/24_0509B_08.png,0
C00098,C00098.png,/shared/home/mai/JeongGeon/Private/CXR/Merged/images/24_0509B_09.png,0
C00099,C00099.png,/shared/home/mai/JeongGeon/Private/CXR/Merged/images/24_0601B_04.png,0
C00100,C00100.png,/shared/home/mai/JeongGeon/Private/CXR/Merged/images/24_0601B_05.png,0
C00101,C00101.png,/shared/home/mai/JeongGeon/Private/CXR/Merged/images/24_0601B_06.png,0
C00102,C00102.png,/shared/home/mai/JeongGeon/Private/CXR/Merged/images/24_0601B_07.png,0
C00103,C00103.png,/shared/home/mai/JeongGeon/Private/CXR/Merged/images/24_0601B_08.png,0
C00104,C00104.png,/shared/home/mai/JeongGeon/Private/CXR/Merged/images/24_0601B_09.png,0
C00105,C00105.png,/shared/home/mai/JeongGeon/Private/CXR/Merged/images/24_0601B_10.png,0
C00106,C00106.png,/shared/home/mai/JeongGeon/Private/CXR/Merged/images/26_0522F_01.png,0
C00107,C00107.png,/shared/home/mai/JeongGeon/Private/CXR/Merged/images/26_0522F_02.png,0
C00108,C00108.png,/shared/home/mai/JeongGeon/Private/CXR/Merged/images/26_0522F_03.png,0
C00109,C00109.png,/shared/home/mai/JeongGeon/Private/CXR/Merged/images/26_0522F_07.png,0
C00110,C00110.png,/shared/home/mai/JeongGeon/Private/CXR/Merged/images/26_0522F_08.png,0
C00111,C00111.png,/shared/home/mai/JeongGeon/Private/CXR/Merged/images/26_0522F_11.png,0
C00112,C00112.png,/shared/home/mai/JeongGeon/Private/CXR/Merged/images/26_0522F_12.png,0
C00113,C00113.png,/shared/home/mai/JeongGeon/Private/CXR/Merged/images/24_1213F_01.png,0
C00114,C00114.png,/shared/home/mai/JeongGeon/Private/CXR/Merged/images/24_1213F_02.png,0
C00115,C00115.png,/shared/home/mai/JeongGeon/Private/CXR/Merged/images/24_1213F_03.png,0
C00116,C00116.png,/shared/home/mai/JeongGeon/Private/CXR/Merged/images/24_1213F_04.png,0
C00117,C00117.png,/shared/home/mai/JeongGeon/Private/CXR/Merged/images/24_1213F_05.png,0
C00118,C00118.png,/shared/home/mai/JeongGeon/Private/CXR/Merged/images/24_1213F_06.png,0
C00119,C00119.png,/shared/home/mai/JeongGeon/Private/CXR/Merged/images/24_1213F_07.png,0
C00120,C00120.png,/shared/home/mai/JeongGeon/Private/CXR/Merged/images/24_1213F_08.png,0
C00121,C00121.png,/shared/home/mai/JeongGeon/Private/CXR/Merged/images/24_1213F_09.png,0
C00122,C00122.png,/shared/home/mai/JeongGeon/Private/CXR/Merged/images/24_1213F_10.png,0
C00123,C00123.png,/shared/home/mai/JeongGeon/Private/CXR/Merged/images/24_1213F_11.png,0
C00124,C00124.png,/shared/home/mai/JeongGeon/Private/CXR/Merged/images/24_0601A_01.png,0
C00125,C00125.png,/shared/home/mai/JeongGeon/Private/CXR/Merged/images/24_0601A_02.png,0
C00126,C00126.png,/shared/home/mai/JeongGeon/Private/CXR/Merged/images/24_0601A_03.png,0
C00127,C00127.png,/shared/home/mai/JeongGeon/Private/CXR/Merged/images/24_0601A_04.png,0
C00128,C00128.png,/shared/home/mai/JeongGeon/Private/CXR/Merged/images/24_0601A_05.png,0
C00129,C00129.png,/shared/home/mai/JeongGeon/Private/CXR/Merged/images/24_0601A_06.png,0
C00130,C00130.png,/shared/home/mai/JeongGeon/Private/CXR/Merged/images/24_0601A_07.png,0
C00131,C00131.png,/shared/home/mai/JeongGeon/Private/CXR/Merged/images/24_0601A_08.png,0
C00132,C00132.png,/shared/home/mai/JeongGeon/Private/CXR/Merged/images/24_0601A_09.png,0
C00133,C00133.png,/shared/home/mai/JeongGeon/Private/CXR/Merged/images/24_0601A_10.png,0
C00134,C00134.png,/shared/home/mai/JeongGeon/Private/CXR/Merged/images/24_0407D_01.png,0
C00135,C00135.png,/shared/home/mai/JeongGeon/Private/CXR/Merged/images/24_0407D_02.png,0
C00136,C00136.png,/shared/home/mai/JeongGeon/Private/CXR/Merged/images/24_0407D_03.png,0
C00137,C00137.png,/shared/home/mai/JeongGeon/Private/CXR/Merged/images/24_0407D_04.png,0
C00138,C00138.png,/shared/home/mai/JeongGeon/Private/CXR/Merged/images/24_0407D_05.png,0
C00139,C00139.png,/shared/home/mai/JeongGeon/Private/CXR/Merged/images/24_0407D_06.png,0
C00140,C00140.png,/shared/home/mai/JeongGeon/Private/CXR/Merged/images/24_0407D_07.png,0
C00141,C00141.png,/shared/home/mai/JeongGeon/Private/CXR/Merged/images/24_0407D_08.png,0
C00142,C00142.png,/shared/home/mai/JeongGeon/Private/CXR/Merged/images/24_0407D_09.png,0
C00143,C00143.png,/shared/home/mai/JeongGeon/Private/CXR/Merged/images/24_0509A_05.png,0
C00144,C00144.png,/shared/home/mai/JeongGeon/Private/CXR/Merged/images/24_0509A_06.png,0
C00145,C00145.png,/shared/home/mai/JeongGeon/Private/CXR/Merged/images/24_0509A_07.png,0
C00146,C00146.png,/shared/home/mai/JeongGeon/Private/CXR/Merged/images/24_0509A_08.png,0
C00147,C00147.png,/shared/home/mai/JeongGeon/Private/CXR/Merged/images/24_0509A_09.png,0
C00148,C00148.png,/shared/home/mai/JeongGeon/Private/CXR/Merged/images/24_0509A_10.png,0
C00149,C00149.png,/shared/home/mai/JeongGeon/Private/CXR/Merged/images/24_0509A_11.png,0
C00150,C00150.png,/shared/home/mai/JeongGeon/Private/CXR/Merged/images/24_0601G_02.png,0
C00151,C00151.png,/shared/home/mai/JeongGeon/Private/CXR/Merged/images/24_0601G_03.png,0
C00152,C00152.png,/shared/home/mai/JeongGeon/Private/CXR/Merged/images/24_0601G_04.png,0
C00153,C00153.png,/shared/home/mai/JeongGeon/Private/CXR/Merged/images/24_0601G_05.png,0
C00154,C00154.png,/shared/home/mai/JeongGeon/Private/CXR/Merged/images/24_0601G_06.png,0
C00155,C00155.png,/shared/home/mai/JeongGeon/Private/CXR/Merged/images/24_0601G_07.png,0
C00156,C00156.png,/shared/home/mai/JeongGeon/Private/CXR/Merged/images/24_0601G_08.png,0
C00157,C00157.png,/shared/home/mai/JeongGeon/Private/CXR/Merged/images/24_0601G_09.png,0
C00158,C00158.png,/shared/home/mai/JeongGeon/Private/CXR/Merged/images/24_0601G_10.png,0
C00159,C00159.png,/shared/home/mai/JeongGeon/Private/CXR/Merged/images/24_1213J_01.png,0
C00160,C00160.png,/shared/home/mai/JeongGeon/Private/CXR/Merged/images/24_1213J_02.png,0
C00161,C00161.png,/shared/home/mai/JeongGeon/Private/CXR/Merged/images/24_1213J_03.png,0
C00162,C00162.png,/shared/home/mai/JeongGeon/Private/CXR/Merged/images/24_1213J_04.png,0
C00163,C00163.png,/shared/home/mai/JeongGeon/Private/CXR/Merged/images/24_1213J_05.png,0
C00164,C00164.png,/shared/home/mai/JeongGeon/Private/CXR/Merged/images/24_1213J_06.png,0
C00165,C00165.png,/shared/home/mai/JeongGeon/Private/CXR/Merged/images/24_1213J_11.png,0
C00166,C00166.png,/shared/home/mai/JeongGeon/Private/CXR/Merged/images/24_1213J_12.png,0
C00167,C00167.png,/shared/home/mai/JeongGeon/Private/CXR/Merged/images/24_0407I_02.png,0
C00168,C00168.png,/shared/home/mai/JeongGeon/Private/CXR/Merged/images/24_0407I_03.png,0
C00169,C00169.png,/shared/home/mai/JeongGeon/Private/CXR/Merged/images/24_0407I_04.png,0
C00170,C00170.png,/shared/home/mai/JeongGeon/Private/CXR/Merged/images/24_0407I_05.png,0
C00171,C00171.png,/shared/home/mai/JeongGeon/Private/CXR/Merged/images/24_0407I_06.png,0
C00172,C00172.png,/shared/home/mai/JeongGeon/Private/CXR/Merged/images/24_0407I_07.png,0
C00173,C00173.png,/shared/home/mai/JeongGeon/Private/CXR/Merged/images/24_0407I_08.png,0
C00174,C00174.png,/shared/home/mai/JeongGeon/Private/CXR/Merged/images/24_0407I_09.png,0
C00175,C00175.png,/shared/home/mai/JeongGeon/Private/CXR/Merged/images/24_0407I_10.png,0
C00176,C00176.png,/shared/home/mai/JeongGeon/Private/CXR/Merged/images/24_0407F_01.png,0
C00177,C00177.png,/shared/home/mai/JeongGeon/Private/CXR/Merged/images/24_0407F_02.png,0
C00178,C00178.png,/shared/home/mai/JeongGeon/Private/CXR/Merged/images/24_0407F_04.png,0
C00179,C00179.png,/shared/home/mai/JeongGeon/Private/CXR/Merged/images/24_0407F_05.png,0
C00180,C00180.png,/shared/home/mai/JeongGeon/Private/CXR/Merged/images/24_0407F_06.png,0
C00181,C00181.png,/shared/home/mai/JeongGeon/Private/CXR/Merged/images/24_0407F_07.png,0
C00182,C00182.png,/shared/home/mai/JeongGeon/Private/CXR/Merged/images/24_0407F_08.png,0
C00183,C00183.png,/shared/home/mai/JeongGeon/Private/CXR/Merged/images/24_0407F_11.png,0
C00184,C00184.png,/shared/home/mai/JeongGeon/Private/CXR/Merged/images/24_0407F_12.png,0
C00185,C00185.png,/shared/home/mai/JeongGeon/Private/CXR/Merged/images/26_0522C_07.png,0
C00186,C00186.png,/shared/home/mai/JeongGeon/Private/CXR/Merged/images/26_0522C_08.png,0
C00187,C00187.png,/shared/home/mai/JeongGeon/Private/CXR/Merged/images/26_0522C_09.png,0
C00188,C00188.png,/shared/home/mai/JeongGeon/Private/CXR/Merged/images/26_0522C_10.png,0
C00189,C00189.png,/shared/home/mai/JeongGeon/Private/CXR/Merged/images/26_0522C_11.png,0
C00190,C00190.png,/shared/home/mai/JeongGeon/Private/CXR/Merged/images/26_0522C_12.png,0
C00191,C00191.png,/shared/home/mai/JeongGeon/Private/CXR/Merged/images/24_0520J_02.png,0
C00192,C00192.png,/shared/home/mai/JeongGeon/Private/CXR/Merged/images/24_0520J_03.png,0
C00193,C00193.png,/shared/home/mai/JeongGeon/Private/CXR/Merged/images/24_0520J_04.png,0
C00194,C00194.png,/shared/home/mai/JeongGeon/Private/CXR/Merged/images/24_0520J_05.png,0
C00195,C00195.png,/shared/home/mai/JeongGeon/Private/CXR/Merged/images/24_0520J_06.png,0
C00196,C00196.png,/shared/home/mai/JeongGeon/Private/CXR/Merged/images/24_0520J_07.png,0
C00197,C00197.png,/shared/home/mai/JeongGeon/Private/CXR/Merged/images/24_0520J_08.png,0
C00198,C00198.png,/shared/home/mai/JeongGeon/Private/CXR/Merged/images/24_0509H_01.png,1
C00199,C00199.png,/shared/home/mai/JeongGeon/Private/CXR/Merged/images/24_0509H_02.png,1
C00200,C00200.png,/shared/home/mai/JeongGeon/Private/CXR/Merged/images/24_0509H_03.png,1
C00201,C00201.png,/shared/home/mai/JeongGeon/Private/CXR/Merged/images/24_0509H_04.png,1
C00202,C00202.png,/shared/home/mai/JeongGeon/Private/CXR/Merged/images/24_0509H_05.png,1
C00203,C00203.png,/shared/home/mai/JeongGeon/Private/CXR/Merged/images/24_0509H_06.png,1
C00204,C00204.png,/shared/home/mai/JeongGeon/Private/CXR/Merged/images/24_0509H_11.png,1
C00205,C00205.png,/shared/home/mai/JeongGeon/Private/CXR/Merged/images/26_0520B_15.png,0
C00206,C00206.png,/shared/home/mai/JeongGeon/Private/CXR/Merged/images/26_0520B_16.png,0
C00207,C00207.png,/shared/home/mai/JeongGeon/Private/CXR/Merged/images/26_0520B_17.png,0
C00208,C00208.png,/shared/home/mai/JeongGeon/Private/CXR/Merged/images/24_0509J_01.png,0
C00209,C00209.png,/shared/home/mai/JeongGeon/Private/CXR/Merged/images/24_0509J_05.png,0
C00210,C00210.png,/shared/home/mai/JeongGeon/Private/CXR/Merged/images/24_0509J_09.png,0
C00211,C00211.png,/shared/home/mai/JeongGeon/Private/CXR/Merged/images/24_0509F_01.png,0
C00212,C00212.png,/shared/home/mai/JeongGeon/Private/CXR/Merged/images/24_0509F_02.png,0
C00213,C00213.png,/shared/home/mai/JeongGeon/Private/CXR/Merged/images/24_0509F_06.png,0
C00214,C00214.png,/shared/home/mai/JeongGeon/Private/CXR/Merged/images/24_0509F_08.png,0
C00215,C00215.png,/shared/home/mai/JeongGeon/Private/CXR/Merged/images/24_0509F_09.png,0
C00216,C00216.png,/shared/home/mai/JeongGeon/Private/CXR/Merged/images/24_0509F_11.png,0
C00217,C00217.png,/shared/home/mai/JeongGeon/Private/CXR/Merged/images/24_1213G_04.png,0
C00218,C00218.png,/shared/home/mai/JeongGeon/Private/CXR/Merged/images/24_1213G_05.png,0
C00219,C00219.png,/shared/home/mai/JeongGeon/Private/CXR/Merged/images/24_1213G_06.png,0
C00220,C00220.png,/shared/home/mai/JeongGeon/Private/CXR/Merged/images/24_1213G_07.png,0
C00221,C00221.png,/shared/home/mai/JeongGeon/Private/CXR/Merged/images/24_1213G_08.png,0
C00222,C00222.png,/shared/home/mai/JeongGeon/Private/CXR/Merged/images/24_1213G_09.png,0
C00223,C00223.png,/shared/home/mai/JeongGeon/Private/CXR/Merged/images/24_1213G_10.png,0
C00224,C00224.png,/shared/home/mai/JeongGeon/Private/CXR/Merged/images/24_0520B_02.png,0
C00225,C00225.png,/shared/home/mai/JeongGeon/Private/CXR/Merged/images/24_0520B_03.png,0
C00226,C00226.png,/shared/home/mai/JeongGeon/Private/CXR/Merged/images/24_0520B_04.png,0
C00227,C00227.png,/shared/home/mai/JeongGeon/Private/CXR/Merged/images/24_0520B_05.png,0
C00228,C00228.png,/shared/home/mai/JeongGeon/Private/CXR/Merged/images/24_0520B_06.png,0
C00229,C00229.png,/shared/home/mai/JeongGeon/Private/CXR/Merged/images/24_0520B_07.png,0
C00230,C00230.png,/shared/home/mai/JeongGeon/Private/CXR/Merged/images/24_0520B_08.png,0
C00231,C00231.png,/shared/home/mai/JeongGeon/Private/CXR/Merged/images/24_0520H_04.png,0
C00232,C00232.png,/shared/home/mai/JeongGeon/Private/CXR/Merged/images/24_0520H_05.png,0
C00233,C00233.png,/shared/home/mai/JeongGeon/Private/CXR/Merged/images/24_0520H_06.png,0
C00234,C00234.png,/shared/home/mai/JeongGeon/Private/CXR/Merged/images/24_0520H_07.png,0
C00235,C00235.png,/shared/home/mai/JeongGeon/Private/CXR/Merged/images/24_0520H_08.png,0
C00236,C00236.png,/shared/home/mai/JeongGeon/Private/CXR/Merged/images/24_0520H_09.png,0
C00237,C00237.png,/shared/home/mai/JeongGeon/Private/CXR/Merged/images/24_0520H_10.png,0
C00238,C00238.png,/shared/home/mai/JeongGeon/Private/CXR/Merged/images/24_0520H_11.png,0
C00239,C00239.png,/shared/home/mai/JeongGeon/Private/CXR/Merged/images/24_1113B_07.png,0
C00240,C00240.png,/shared/home/mai/JeongGeon/Private/CXR/Merged/images/24_1113B_08.png,0
C00241,C00241.png,/shared/home/mai/JeongGeon/Private/CXR/Merged/images/24_1113B_09.png,0
C00242,C00242.png,/shared/home/mai/JeongGeon/Private/CXR/Merged/images/24_1113B_10.png,0
C00243,C00243.png,/shared/home/mai/JeongGeon/Private/CXR/Merged/images/24_1113B_11.png,0
C00244,C00244.png,/shared/home/mai/JeongGeon/Private/CXR/Merged/images/26_0416E_0513C_01.png,0
C00245,C00245.png,/shared/home/mai/JeongGeon/Private/CXR/Merged/images/26_0416E_0513C_02.png,0
C00246,C00246.png,/shared/home/mai/JeongGeon/Private/CXR/Merged/images/26_0416E_0513C_03.png,0
C00247,C00247.png,/shared/home/mai/JeongGeon/Private/CXR/Merged/images/26_0515B_07.png,0
C00248,C00248.png,/shared/home/mai/JeongGeon/Private/CXR/Merged/images/26_0515B_08.png,0
C00249,C00249.png,/shared/home/mai/JeongGeon/Private/CXR/Merged/images/26_0515B_09.png,0
C00250,C00250.png,/shared/home/mai/JeongGeon/Private/CXR/Merged/images/26_0515B_10.png,0
C00251,C00251.png,/shared/home/mai/JeongGeon/Private/CXR/Merged/images/26_0515B_12.png,0
C00252,C00252.png,/shared/home/mai/JeongGeon/Private/CXR/Merged/images/26_0515B_13.png,0
C00253,C00253.png,/shared/home/mai/JeongGeon/Private/CXR/Merged/images/24_0506F_01.png,0
C00254,C00254.png,/shared/home/mai/JeongGeon/Private/CXR/Merged/images/24_0506F_02.png,0
C00255,C00255.png,/shared/home/mai/JeongGeon/Private/CXR/Merged/images/24_0506F_03.png,0
C00256,C00256.png,/shared/home/mai/JeongGeon/Private/CXR/Merged/images/24_0506F_04.png,0
C00257,C00257.png,/shared/home/mai/JeongGeon/Private/CXR/Merged/images/24_0506F_05.png,0
C00258,C00258.png,/shared/home/mai/JeongGeon/Private/CXR/Merged/images/24_0506F_06.png,0
C00259,C00259.png,/shared/home/mai/JeongGeon/Private/CXR/Merged/images/24_0506F_07.png,0
C00260,C00260.png,/shared/home/mai/JeongGeon/Private/CXR/Merged/images/24_0506F_08.png,0
C00261,C00261.png,/shared/home/mai/JeongGeon/Private/CXR/Merged/images/24_0506F_09.png,0
C00262,C00262.png,/shared/home/mai/JeongGeon/Private/CXR/Merged/images/24_0506F_10.png,0
C00263,C00263.png,/shared/home/mai/JeongGeon/Private/CXR/Merged/images/24_0520F_01.png,0
C00264,C00264.png,/shared/home/mai/JeongGeon/Private/CXR/Merged/images/24_0520F_02.png,0
C00265,C00265.png,/shared/home/mai/JeongGeon/Private/CXR/Merged/images/24_0520F_03.png,0
C00266,C00266.png,/shared/home/mai/JeongGeon/Private/CXR/Merged/images/26_0526B_01.png,0
C00267,C00267.png,/shared/home/mai/JeongGeon/Private/CXR/Merged/images/26_0526B_02.png,0
C00268,C00268.png,/shared/home/mai/JeongGeon/Private/CXR/Merged/images/26_0526B_03.png,0
C00269,C00269.png,/shared/home/mai/JeongGeon/Private/CXR/Merged/images/24_0407B_01.png,0
C00270,C00270.png,/shared/home/mai/JeongGeon/Private/CXR/Merged/images/24_0407B_02.png,0
C00271,C00271.png,/shared/home/mai/JeongGeon/Private/CXR/Merged/images/24_0407B_03.png,0
C00272,C00272.png,/shared/home/mai/JeongGeon/Private/CXR/Merged/images/24_0407B_04.png,0
C00273,C00273.png,/shared/home/mai/JeongGeon/Private/CXR/Merged/images/24_0407B_05.png,0
C00274,C00274.png,/shared/home/mai/JeongGeon/Private/CXR/Merged/images/24_0407B_09.png,0
C00275,C00275.png,/shared/home/mai/JeongGeon/Private/CXR/Merged/images/24_0407B_10.png,0
C00276,C00276.png,/shared/home/mai/JeongGeon/Private/CXR/Merged/images/24_0407B_11.png,0
C00277,C00277.png,/shared/home/mai/JeongGeon/Private/CXR/Merged/images/24_0407B_12.png,0
C00278,C00278.png,/shared/home/mai/JeongGeon/Private/CXR/Merged/images/24_0407B_13.png,0
C00279,C00279.png,/shared/home/mai/JeongGeon/Private/CXR/Merged/images/26_0424A_01.png,0
C00280,C00280.png,/shared/home/mai/JeongGeon/Private/CXR/Merged/images/26_0424A_16.png,0
C00281,C00281.png,/shared/home/mai/JeongGeon/Private/CXR/Merged/images/24_0506A_03.png,0
C00282,C00282.png,/shared/home/mai/JeongGeon/Private/CXR/Merged/images/24_0506A_04.png,0
C00283,C00283.png,/shared/home/mai/JeongGeon/Private/CXR/Merged/images/24_0506A_05.png,0
C00284,C00284.png,/shared/home/mai/JeongGeon/Private/CXR/Merged/images/24_0506A_06.png,0
C00285,C00285.png,/shared/home/mai/JeongGeon/Private/CXR/Merged/images/24_0506A_07.png,0
C00286,C00286.png,/shared/home/mai/JeongGeon/Private/CXR/Merged/images/26_0416B_05.png,0
C00287,C00287.png,/shared/home/mai/JeongGeon/Private/CXR/Merged/images/26_0416B_06.png,0
C00288,C00288.png,/shared/home/mai/JeongGeon/Private/CXR/Merged/images/26_0416B_07.png,0
C00289,C00289.png,/shared/home/mai/JeongGeon/Private/CXR/Merged/images/26_0416B_11.png,0
C00290,C00290.png,/shared/home/mai/JeongGeon/Private/CXR/Merged/images/26_0416B_12.png,0
C00291,C00291.png,/shared/home/mai/JeongGeon/Private/CXR/Merged/images/26_0416B_13.png,0
C00292,C00292.png,/shared/home/mai/JeongGeon/Private/CXR/Merged/images/26_0423C_01.png,0
C00293,C00293.png,/shared/home/mai/JeongGeon/Private/CXR/Merged/images/26_0423C_08.png,0
C00294,C00294.png,/shared/home/mai/JeongGeon/Private/CXR/Merged/images/26_0423C_13.png,0
C00295,C00295.png,/shared/home/mai/JeongGeon/Private/CXR/Merged/images/24_1113D_01.png,0
C00296,C00296.png,/shared/home/mai/JeongGeon/Private/CXR/Merged/images/24_1113D_02.png,0
C00297,C00297.png,/shared/home/mai/JeongGeon/Private/CXR/Merged/images/24_1113D_03.png,0
C00298,C00298.png,/shared/home/mai/JeongGeon/Private/CXR/Merged/images/24_1113D_04.png,0
C00299,C00299.png,/shared/home/mai/JeongGeon/Private/CXR/Merged/images/24_1113D_05.png,0
C00300,C00300.png,/shared/home/mai/JeongGeon/Private/CXR/Merged/images/24_1113D_06.png,0
C00301,C00301.png,/shared/home/mai/JeongGeon/Private/CXR/Merged/images/24_0509A_05.png,1
C00302,C00302.png,/shared/home/mai/JeongGeon/Private/CXR/Merged/images/24_0509A_06.png,1
C00303,C00303.png,/shared/home/mai/JeongGeon/Private/CXR/Merged/images/24_0509A_07.png,1
C00304,C00304.png,/shared/home/mai/JeongGeon/Private/CXR/Merged/images/24_0509A_08.png,1
C00305,C00305.png,/shared/home/mai/JeongGeon/Private/CXR/Merged/images/24_0509A_09.png,1
C00306,C00306.png,/shared/home/mai/JeongGeon/Private/CXR/Merged/images/24_0509A_10.png,1
C00307,C00307.png,/shared/home/mai/JeongGeon/Private/CXR/Merged/images/24_0509A_11.png,1
C00308,C00308.png,/shared/home/mai/JeongGeon/Private/CXR/Merged/images/26_0528B_01.png,0
C00309,C00309.png,/shared/home/mai/JeongGeon/Private/CXR/Merged/images/26_0528B_11.png,0
C00310,C00310.png,/shared/home/mai/JeongGeon/Private/CXR/Merged/images/26_0528B_14.png,0
C00311,C00311.png,/shared/home/mai/JeongGeon/Private/CXR/Merged/images/26_0528B_15.png,0
C00312,C00312.png,/shared/home/mai/JeongGeon/Private/CXR/Merged/images/26_0528B_16.png,0
C00313,C00313.png,/shared/home/mai/JeongGeon/Private/CXR/Merged/images/26_0520C_01.png,0
C00314,C00314.png,/shared/home/mai/JeongGeon/Private/CXR/Merged/images/26_0520C_07.png,0
C00315,C00315.png,/shared/home/mai/JeongGeon/Private/CXR/Merged/images/26_0520C_12.png,0
C00316,C00316.png,/shared/home/mai/JeongGeon/Private/CXR/Merged/images/26_0520C_13.png,0
C00317,C00317.png,/shared/home/mai/JeongGeon/Private/CXR/Merged/images/26_0518C_01.png,0
C00318,C00318.png,/shared/home/mai/JeongGeon/Private/CXR/Merged/images/26_0518C_03.png,0
C00319,C00319.png,/shared/home/mai/JeongGeon/Private/CXR/Merged/images/26_0518C_04.png,0
C00320,C00320.png,/shared/home/mai/JeongGeon/Private/CXR/Merged/images/26_0518C_07.png,0
C00321,C00321.png,/shared/home/mai/JeongGeon/Private/CXR/Merged/images/26_0518C_12.png,0
C00322,C00322.png,/shared/home/mai/JeongGeon/Private/CXR/Merged/images/24_1113I_06.png,0
C00323,C00323.png,/shared/home/mai/JeongGeon/Private/CXR/Merged/images/24_1113I_07.png,0
C00324,C00324.png,/shared/home/mai/JeongGeon/Private/CXR/Merged/images/24_1113I_08.png,0
C00325,C00325.png,/shared/home/mai/JeongGeon/Private/CXR/Merged/images/24_1113I_09.png,0
C00326,C00326.png,/shared/home/mai/JeongGeon/Private/CXR/Merged/images/24_1113I_10.png,0
C00327,C00327.png,/shared/home/mai/JeongGeon/Private/CXR/Merged/images/24_1213E_09.png,0
C00328,C00328.png,/shared/home/mai/JeongGeon/Private/CXR/Merged/images/24_1213E_10.png,0
C00329,C00329.png,/shared/home/mai/JeongGeon/Private/CXR/Merged/images/24_1213E_11.png,0
C00330,C00330.png,/shared/home/mai/JeongGeon/Private/CXR/Merged/images/24_1213E_12.png,0
C00331,C00331.png,/shared/home/mai/JeongGeon/Private/CXR/Merged/images/24_1213E_13.png,0
C00332,C00332.png,/shared/home/mai/JeongGeon/Private/CXR/Merged/images/24_0407G_01.png,0
C00333,C00333.png,/shared/home/mai/JeongGeon/Private/CXR/Merged/images/24_0407G_02.png,0
C00334,C00334.png,/shared/home/mai/JeongGeon/Private/CXR/Merged/images/24_0407G_03.png,0
C00335,C00335.png,/shared/home/mai/JeongGeon/Private/CXR/Merged/images/24_0407G_04.png,0
C00336,C00336.png,/shared/home/mai/JeongGeon/Private/CXR/Merged/images/24_0407G_05.png,0
C00337,C00337.png,/shared/home/mai/JeongGeon/Private/CXR/Merged/images/24_0407G_06.png,0
C00338,C00338.png,/shared/home/mai/JeongGeon/Private/CXR/Merged/images/24_0407G_07.png,0
C00339,C00339.png,/shared/home/mai/JeongGeon/Private/CXR/Merged/images/24_0407G_08.png,0
C00340,C00340.png,/shared/home/mai/JeongGeon/Private/CXR/Merged/images/24_0520C_01.png,0
C00341,C00341.png,/shared/home/mai/JeongGeon/Private/CXR/Merged/images/24_0520C_02.png,0
C00342,C00342.png,/shared/home/mai/JeongGeon/Private/CXR/Merged/images/24_0520C_03.png,0
C00343,C00343.png,/shared/home/mai/JeongGeon/Private/CXR/Merged/images/24_0520C_04.png,0
C00344,C00344.png,/shared/home/mai/JeongGeon/Private/CXR/Merged/images/24_0520C_05.png,0
C00345,C00345.png,/shared/home/mai/JeongGeon/Private/CXR/Merged/images/24_0601I_03.png,0
C00346,C00346.png,/shared/home/mai/JeongGeon/Private/CXR/Merged/images/24_0601I_04.png,0
C00347,C00347.png,/shared/home/mai/JeongGeon/Private/CXR/Merged/images/24_0601I_05.png,0
C00348,C00348.png,/shared/home/mai/JeongGeon/Private/CXR/Merged/images/24_0601I_06.png,0
C00349,C00349.png,/shared/home/mai/JeongGeon/Private/CXR/Merged/images/24_0601I_07.png,0
C00350,C00350.png,/shared/home/mai/JeongGeon/Private/CXR/Merged/images/24_0601I_08.png,0
C00351,C00351.png,/shared/home/mai/JeongGeon/Private/CXR/Merged/images/24_0601I_09.png,0
C00352,C00352.png,/shared/home/mai/JeongGeon/Private/CXR/Merged/images/24_0601I_10.png,0
C00353,C00353.png,/shared/home/mai/JeongGeon/Private/CXR/Merged/images/24_0407C_03.png,0
C00354,C00354.png,/shared/home/mai/JeongGeon/Private/CXR/Merged/images/24_0407C_04.png,0
C00355,C00355.png,/shared/home/mai/JeongGeon/Private/CXR/Merged/images/24_0407C_05.png,0
C00356,C00356.png,/shared/home/mai/JeongGeon/Private/CXR/Merged/images/24_0407C_06.png,0
C00357,C00357.png,/shared/home/mai/JeongGeon/Private/CXR/Merged/images/24_0407C_07.png,0
C00358,C00358.png,/shared/home/mai/JeongGeon/Private/CXR/Merged/images/24_0407C_08.png,0
C00359,C00359.png,/shared/home/mai/JeongGeon/Private/CXR/Merged/images/24_0407C_09.png,0
C00360,C00360.png,/shared/home/mai/JeongGeon/Private/CXR/Merged/images/24_0601E_01.png,0
C00361,C00361.png,/shared/home/mai/JeongGeon/Private/CXR/Merged/images/24_0601E_02.png,0
C00362,C00362.png,/shared/home/mai/JeongGeon/Private/CXR/Merged/images/24_0601E_03.png,0
C00363,C00363.png,/shared/home/mai/JeongGeon/Private/CXR/Merged/images/24_0601E_04.png,0
C00364,C00364.png,/shared/home/mai/JeongGeon/Private/CXR/Merged/images/24_0601E_05.png,0
C00365,C00365.png,/shared/home/mai/JeongGeon/Private/CXR/Merged/images/24_0601E_06.png,0
C00366,C00366.png,/shared/home/mai/JeongGeon/Private/CXR/Merged/images/24_0601E_07.png,0
C00367,C00367.png,/shared/home/mai/JeongGeon/Private/CXR/Merged/images/24_0506C_04.png,0
C00368,C00368.png,/shared/home/mai/JeongGeon/Private/CXR/Merged/images/24_0506C_05.png,0
C00369,C00369.png,/shared/home/mai/JeongGeon/Private/CXR/Merged/images/24_0506C_06.png,0
C00370,C00370.png,/shared/home/mai/JeongGeon/Private/CXR/Merged/images/24_0506C_07.png,0
C00371,C00371.png,/shared/home/mai/JeongGeon/Private/CXR/Merged/images/24_0506C_08.png,0
C00372,C00372.png,/shared/home/mai/JeongGeon/Private/CXR/Merged/images/24_0506C_09.png,0
C00373,C00373.png,/shared/home/mai/JeongGeon/Private/CXR/Merged/images/26_0416C_01.png,0
C00374,C00374.png,/shared/home/mai/JeongGeon/Private/CXR/Merged/images/26_0416C_05.png,0
C00375,C00375.png,/shared/home/mai/JeongGeon/Private/CXR/Merged/images/26_0416C_06.png,0
C00376,C00376.png,/shared/home/mai/JeongGeon/Private/CXR/Merged/images/26_0416C_07.png,0
C00377,C00377.png,/shared/home/mai/JeongGeon/Private/CXR/Merged/images/26_0416C_09.png,0
C00378,C00378.png,/shared/home/mai/JeongGeon/Private/CXR/Merged/images/26_0416C_10.png,0
C00379,C00379.png,/shared/home/mai/JeongGeon/Private/CXR/Merged/images/26_0416C_13.png,0
C00380,C00380.png,/shared/home/mai/JeongGeon/Private/CXR/Merged/images/24_0407E_05.png,0
C00381,C00381.png,/shared/home/mai/JeongGeon/Private/CXR/Merged/images/24_0407E_06.png,0
C00382,C00382.png,/shared/home/mai/JeongGeon/Private/CXR/Merged/images/24_0407E_07.png,0
C00383,C00383.png,/shared/home/mai/JeongGeon/Private/CXR/Merged/images/24_0407E_08.png,0
C00384,C00384.png,/shared/home/mai/JeongGeon/Private/CXR/Merged/images/24_0407E_09.png,0
C00385,C00385.png,/shared/home/mai/JeongGeon/Private/CXR/Merged/images/24_0407E_10.png,0
C00386,C00386.png,/shared/home/mai/JeongGeon/Private/CXR/Merged/images/24_0407E_11.png,0
C00387,C00387.png,/shared/home/mai/JeongGeon/Private/CXR/Merged/images/24_0407E_12.png,0
C00388,C00388.png,/shared/home/mai/JeongGeon/Private/CXR/Merged/images/24_0520A_01.png,0
C00389,C00389.png,/shared/home/mai/JeongGeon/Private/CXR/Merged/images/24_0520A_05.png,0
C00390,C00390.png,/shared/home/mai/JeongGeon/Private/CXR/Merged/images/24_0520A_06.png,0
C00391,C00391.png,/shared/home/mai/JeongGeon/Private/CXR/Merged/images/24_0520A_08.png,0
C00392,C00392.png,/shared/home/mai/JeongGeon/Private/CXR/Merged/images/24_0520A_09.png,0
C00393,C00393.png,/shared/home/mai/JeongGeon/Private/CXR/Merged/images/26_0508A_05.png,0
C00394,C00394.png,/shared/home/mai/JeongGeon/Private/CXR/Merged/images/26_0508A_06.png,0
C00395,C00395.png,/shared/home/mai/JeongGeon/Private/CXR/Merged/images/26_0508A_07.png,0
C00396,C00396.png,/shared/home/mai/JeongGeon/Private/CXR/Merged/images/26_0508A_08.png,0
C00397,C00397.png,/shared/home/mai/JeongGeon/Private/CXR/Merged/images/26_0508A_09.png,0
C00398,C00398.png,/shared/home/mai/JeongGeon/Private/CXR/Merged/images/26_0508A_10.png,0
C00399,C00399.png,/shared/home/mai/JeongGeon/Private/CXR/Merged/images/26_0508A_11.png,0
C00400,C00400.png,/shared/home/mai/JeongGeon/Private/CXR/Merged/images/24_1113E_01.png,0
C00401,C00401.png,/shared/home/mai/JeongGeon/Private/CXR/Merged/images/24_1113E_02.png,0
C00402,C00402.png,/shared/home/mai/JeongGeon/Private/CXR/Merged/images/24_1113E_03.png,0
C00403,C00403.png,/shared/home/mai/JeongGeon/Private/CXR/Merged/images/24_1113E_04.png,0
C00404,C00404.png,/shared/home/mai/JeongGeon/Private/CXR/Merged/images/24_1113E_05.png,0
C00405,C00405.png,/shared/home/mai/JeongGeon/Private/CXR/Merged/images/24_1113E_06.png,0
C00406,C00406.png,/shared/home/mai/JeongGeon/Private/CXR/Merged/images/24_1113E_07.png,0
C00407,C00407.png,/shared/home/mai/JeongGeon/Private/CXR/Merged/images/24_1113E_08.png,0
C00408,C00408.png,/shared/home/mai/JeongGeon/Private/CXR/Merged/images/24_1113E_09.png,0
C00409,C00409.png,/shared/home/mai/JeongGeon/Private/CXR/Merged/images/26_0522C_07.png,1
C00410,C00410.png,/shared/home/mai/JeongGeon/Private/CXR/Merged/images/26_0522C_08.png,1
C00411,C00411.png,/shared/home/mai/JeongGeon/Private/CXR/Merged/images/26_0522C_09.png,1
C00412,C00412.png,/shared/home/mai/JeongGeon/Private/CXR/Merged/images/26_0522C_10.png,1
C00413,C00413.png,/shared/home/mai/JeongGeon/Private/CXR/Merged/images/26_0522C_11.png,1
C00414,C00414.png,/shared/home/mai/JeongGeon/Private/CXR/Merged/images/26_0522C_12.png,1
C00415,C00415.png,/shared/home/mai/JeongGeon/Private/CXR/Merged/images/24_0506G_01.png,0
C00416,C00416.png,/shared/home/mai/JeongGeon/Private/CXR/Merged/images/24_0506G_02.png,0
C00417,C00417.png,/shared/home/mai/JeongGeon/Private/CXR/Merged/images/24_0506G_03.png,0
C00418,C00418.png,/shared/home/mai/JeongGeon/Private/CXR/Merged/images/24_0506G_04.png,0
C00419,C00419.png,/shared/home/mai/JeongGeon/Private/CXR/Merged/images/24_0506G_05.png,0
C00420,C00420.png,/shared/home/mai/JeongGeon/Private/CXR/Merged/images/24_0506G_06.png,0
C00421,C00421.png,/shared/home/mai/JeongGeon/Private/CXR/Merged/images/24_0506G_07.png,0
C00422,C00422.png,/shared/home/mai/JeongGeon/Private/CXR/Merged/images/24_0506G_08.png,0
C00423,C00423.png,/shared/home/mai/JeongGeon/Private/CXR/Merged/images/24_0506D_01.png,0
C00424,C00424.png,/shared/home/mai/JeongGeon/Private/CXR/Merged/images/24_0506D_02.png,0
C00425,C00425.png,/shared/home/mai/JeongGeon/Private/CXR/Merged/images/24_0506D_03.png,0
C00426,C00426.png,/shared/home/mai/JeongGeon/Private/CXR/Merged/images/24_0506D_04.png,0
C00427,C00427.png,/shared/home/mai/JeongGeon/Private/CXR/Merged/images/24_0506D_05.png,0
C00428,C00428.png,/shared/home/mai/JeongGeon/Private/CXR/Merged/images/24_0506D_06.png,0
C00429,C00429.png,/shared/home/mai/JeongGeon/Private/CXR/Merged/images/24_0506D_07.png,0
C00430,C00430.png,/shared/home/mai/JeongGeon/Private/CXR/Merged/images/24_0506D_08.png,0
C00431,C00431.png,/shared/home/mai/JeongGeon/Private/CXR/Merged/images/24_0506D_09.png,0
C00432,C00432.png,/shared/home/mai/JeongGeon/Private/CXR/Merged/images/26_0427D_02.png,0
C00433,C00433.png,/shared/home/mai/JeongGeon/Private/CXR/Merged/images/26_0427D_03.png,0
C00434,C00434.png,/shared/home/mai/JeongGeon/Private/CXR/Merged/images/26_0427D_06.png,0
C00435,C00435.png,/shared/home/mai/JeongGeon/Private/CXR/Merged/images/26_0427D_08.png,0
C00436,C00436.png,/shared/home/mai/JeongGeon/Private/CXR/Merged/images/26_0427D_09.png,0
C00437,C00437.png,/shared/home/mai/JeongGeon/Private/CXR/Merged/images/24_0601C_07.png,0
C00438,C00438.png,/shared/home/mai/JeongGeon/Private/CXR/Merged/images/24_0601C_08.png,0
C00439,C00439.png,/shared/home/mai/JeongGeon/Private/CXR/Merged/images/24_0601C_09.png,0
C00440,C00440.png,/shared/home/mai/JeongGeon/Private/CXR/Merged/images/24_0601C_10.png,0
C00441,C00441.png,/shared/home/mai/JeongGeon/Private/CXR/Merged/images/26_0508C_02.png,0
C00442,C00442.png,/shared/home/mai/JeongGeon/Private/CXR/Merged/images/26_0508C_03.png,0
C00443,C00443.png,/shared/home/mai/JeongGeon/Private/CXR/Merged/images/26_0508C_06.png,0
C00444,C00444.png,/shared/home/mai/JeongGeon/Private/CXR/Merged/images/26_0508C_07.png,0
C00445,C00445.png,/shared/home/mai/JeongGeon/Private/CXR/Merged/images/26_0508C_08.png,0
C00446,C00446.png,/shared/home/mai/JeongGeon/Private/CXR/Merged/images/24_0509D_02.png,0
C00447,C00447.png,/shared/home/mai/JeongGeon/Private/CXR/Merged/images/24_0509D_03.png,0
C00448,C00448.png,/shared/home/mai/JeongGeon/Private/CXR/Merged/images/24_0509D_04.png,0
C00449,C00449.png,/shared/home/mai/JeongGeon/Private/CXR/Merged/images/24_0509D_05.png,0
C00450,C00450.png,/shared/home/mai/JeongGeon/Private/CXR/Merged/images/24_0509D_06.png,0
C00451,C00451.png,/shared/home/mai/JeongGeon/Private/CXR/Merged/images/24_0509D_08.png,0
C00452,C00452.png,/shared/home/mai/JeongGeon/Private/CXR/Merged/images/24_0509D_09.png,0
C00453,C00453.png,/shared/home/mai/JeongGeon/Private/CXR/Merged/images/24_0509D_11.png,0
C00454,C00454.png,/shared/home/mai/JeongGeon/Private/CXR/Merged/images/24_0509D_12.png,0
C00455,C00455.png,/shared/home/mai/JeongGeon/Private/CXR/Merged/images/26_0522A_09.png,0
C00456,C00456.png,/shared/home/mai/JeongGeon/Private/CXR/Merged/images/26_0522A_10.png,0
C00457,C00457.png,/shared/home/mai/JeongGeon/Private/CXR/Merged/images/26_0522A_11.png,0
C00458,C00458.png,/shared/home/mai/JeongGeon/Private/CXR/Merged/images/24_0506H_01.png,0
C00459,C00459.png,/shared/home/mai/JeongGeon/Private/CXR/Merged/images/24_0506H_02.png,0
C00460,C00460.png,/shared/home/mai/JeongGeon/Private/CXR/Merged/images/24_0506H_03.png,0
C00461,C00461.png,/shared/home/mai/JeongGeon/Private/CXR/Merged/images/24_0506H_04.png,0
C00462,C00462.png,/shared/home/mai/JeongGeon/Private/CXR/Merged/images/24_0506H_05.png,0
C00463,C00463.png,/shared/home/mai/JeongGeon/Private/CXR/Merged/images/24_0506H_06.png,0
C00464,C00464.png,/shared/home/mai/JeongGeon/Private/CXR/Merged/images/24_0506H_07.png,0
C00465,C00465.png,/shared/home/mai/JeongGeon/Private/CXR/Merged/images/24_0506H_08.png,0
C00466,C00466.png,/shared/home/mai/JeongGeon/Private/CXR/Merged/images/24_0506H_09.png,0
C00467,C00467.png,/shared/home/mai/JeongGeon/Private/CXR/Merged/images/24_0506H_10.png,0
C00468,C00468.png,/shared/home/mai/JeongGeon/Private/CXR/Merged/images/24_0506H_11.png,0
C00469,C00469.png,/shared/home/mai/JeongGeon/Private/CXR/Merged/images/24_0506H_12.png,0
C00470,C00470.png,/shared/home/mai/JeongGeon/Private/CXR/Merged/images/24_0506B_01.png,0
C00471,C00471.png,/shared/home/mai/JeongGeon/Private/CXR/Merged/images/24_0506B_02.png,0
C00472,C00472.png,/shared/home/mai/JeongGeon/Private/CXR/Merged/images/24_0506B_03.png,0
C00473,C00473.png,/shared/home/mai/JeongGeon/Private/CXR/Merged/images/24_0506B_06.png,0
C00474,C00474.png,/shared/home/mai/JeongGeon/Private/CXR/Merged/images/24_0506B_07.png,0
C00475,C00475.png,/shared/home/mai/JeongGeon/Private/CXR/Merged/images/24_0506B_08.png,0
C00476,C00476.png,/shared/home/mai/JeongGeon/Private/CXR/Merged/images/24_0506B_09.png,0
C00477,C00477.png,/shared/home/mai/JeongGeon/Private/CXR/Merged/images/24_0506B_10.png,0
C00478,C00478.png,/shared/home/mai/JeongGeon/Private/CXR/Merged/images/24_0506B_11.png,0
C00479,C00479.png,/shared/home/mai/JeongGeon/Private/CXR/Merged/images/24_0520E_01.png,0
C00480,C00480.png,/shared/home/mai/JeongGeon/Private/CXR/Merged/images/24_0520E_04.png,0
C00481,C00481.png,/shared/home/mai/JeongGeon/Private/CXR/Merged/images/24_0520E_05.png,0
C00482,C00482.png,/shared/home/mai/JeongGeon/Private/CXR/Merged/images/24_0520E_06.png,0
C00483,C00483.png,/shared/home/mai/JeongGeon/Private/CXR/Merged/images/24_0520E_07.png,0
C00484,C00484.png,/shared/home/mai/JeongGeon/Private/CXR/Merged/images/24_0520E_08.png,0
C00485,C00485.png,/shared/home/mai/JeongGeon/Private/CXR/Merged/images/24_0520E_11.png,0
C00486,C00486.png,/shared/home/mai/JeongGeon/Private/CXR/Merged/images/26_0518A_01.png,0
C00487,C00487.png,/shared/home/mai/JeongGeon/Private/CXR/Merged/images/26_0518A_02.png,0
C00488,C00488.png,/shared/home/mai/JeongGeon/Private/CXR/Merged/images/26_0518A_03.png,0
C00489,C00489.png,/shared/home/mai/JeongGeon/Private/CXR/Merged/images/26_0518A_04.png,0
C00490,C00490.png,/shared/home/mai/JeongGeon/Private/CXR/Merged/images/26_0518A_05.png,0
C00491,C00491.png,/shared/home/mai/JeongGeon/Private/CXR/Merged/images/24_0407J_01.png,0
C00492,C00492.png,/shared/home/mai/JeongGeon/Private/CXR/Merged/images/24_0407J_02.png,0
C00493,C00493.png,/shared/home/mai/JeongGeon/Private/CXR/Merged/images/24_0407J_03.png,0
C00494,C00494.png,/shared/home/mai/JeongGeon/Private/CXR/Merged/images/24_0407J_05.png,0
C00495,C00495.png,/shared/home/mai/JeongGeon/Private/CXR/Merged/images/24_0407J_06.png,0
C00496,C00496.png,/shared/home/mai/JeongGeon/Private/CXR/Merged/images/24_0407J_07.png,0
C00497,C00497.png,/shared/home/mai/JeongGeon/Private/CXR/Merged/images/24_0407J_08.png,0
C00498,C00498.png,/shared/home/mai/JeongGeon/Private/CXR/Merged/images/24_0407J_09.png,0
C00499,C00499.png,/shared/home/mai/JeongGeon/Private/CXR/Merged/images/24_0407J_10.png,0
C00500,C00500.png,/shared/home/mai/JeongGeon/Private/CXR/Merged/images/24_0520I_03.png,0
C00501,C00501.png,/shared/home/mai/JeongGeon/Private/CXR/Merged/images/24_0520I_04.png,0
C00502,C00502.png,/shared/home/mai/JeongGeon/Private/CXR/Merged/images/24_0520I_05.png,0
C00503,C00503.png,/shared/home/mai/JeongGeon/Private/CXR/Merged/images/24_0520I_06.png,0
C00504,C00504.png,/shared/home/mai/JeongGeon/Private/CXR/Merged/images/24_0520I_07.png,0
C00505,C00505.png,/shared/home/mai/JeongGeon/Private/CXR/Merged/images/24_0520D_01.png,0
C00506,C00506.png,/shared/home/mai/JeongGeon/Private/CXR/Merged/images/24_0520D_02.png,0
C00507,C00507.png,/shared/home/mai/JeongGeon/Private/CXR/Merged/images/24_0520D_05.png,0
C00508,C00508.png,/shared/home/mai/JeongGeon/Private/CXR/Merged/images/24_0520D_06.png,0
C00509,C00509.png,/shared/home/mai/JeongGeon/Private/CXR/Merged/images/24_0520D_07.png,0
C00510,C00510.png,/shared/home/mai/JeongGeon/Private/CXR/Merged/images/24_0520D_08.png,0
C00511,C00511.png,/shared/home/mai/JeongGeon/Private/CXR/Merged/images/24_0520D_09.png,0
C00512,C00512.png,/shared/home/mai/JeongGeon/Private/CXR/Merged/images/24_0520D_10.png,0
C00513,C00513.png,/shared/home/mai/JeongGeon/Private/CXR/Merged/images/24_0520D_11.png,0
C00514,C00514.png,/shared/home/mai/JeongGeon/Private/CXR/Merged/images/24_0506E_01.png,0
C00515,C00515.png,/shared/home/mai/JeongGeon/Private/CXR/Merged/images/24_0506E_02.png,0
C00516,C00516.png,/shared/home/mai/JeongGeon/Private/CXR/Merged/images/24_0506E_03.png,0
C00517,C00517.png,/shared/home/mai/JeongGeon/Private/CXR/Merged/images/24_0506E_04.png,0
C00518,C00518.png,/shared/home/mai/JeongGeon/Private/CXR/Merged/images/24_0506E_05.png,0
C00519,C00519.png,/shared/home/mai/JeongGeon/Private/CXR/Merged/images/24_0506E_06.png,0
C00520,C00520.png,/shared/home/mai/JeongGeon/Private/CXR/Merged/images/24_0506E_07.png,0
C00521,C00521.png,/shared/home/mai/JeongGeon/Private/CXR/Merged/images/24_0506E_08.png,0
C00522,C00522.png,/shared/home/mai/JeongGeon/Private/CXR/Merged/images/24_0407H_06.png,0
C00523,C00523.png,/shared/home/mai/JeongGeon/Private/CXR/Merged/images/24_0407H_07.png,0
C00524,C00524.png,/shared/home/mai/JeongGeon/Private/CXR/Merged/images/24_0407H_08.png,0
C00525,C00525.png,/shared/home/mai/JeongGeon/Private/CXR/Merged/images/24_0407H_09.png,0
C00526,C00526.png,/shared/home/mai/JeongGeon/Private/CXR/Merged/images/24_0407H_10.png,0
C00527,C00527.png,/shared/home/mai/JeongGeon/Private/CXR/Merged/images/24_0407H_11.png,0
C00528,C00528.png,/shared/home/mai/JeongGeon/Private/CXR/Merged/images/24_0407H_12.png,0
C00529,C00529.png,/shared/home/mai/JeongGeon/Private/CXR/Merged/images/24_0509I_09.png,0
C00530,C00530.png,/shared/home/mai/JeongGeon/Private/CXR/Merged/images/24_0509I_10.png,0
C00531,C00531.png,/shared/home/mai/JeongGeon/Private/CXR/Merged/images/24_0509I_11.png,0
C00532,C00532.png,/shared/home/mai/JeongGeon/Private/CXR/Merged/images/24_0509I_12.png,0
C00533,C00533.png,/shared/home/mai/JeongGeon/Private/CXR/Merged/images/24_0509I_13.png,0
C00534,C00534.png,/shared/home/mai/JeongGeon/Private/CXR/Merged/images/26_0508C_02.png,1
C00535,C00535.png,/shared/home/mai/JeongGeon/Private/CXR/Merged/images/26_0508C_03.png,1
C00536,C00536.png,/shared/home/mai/JeongGeon/Private/CXR/Merged/images/26_0508C_06.png,1
C00537,C00537.png,/shared/home/mai/JeongGeon/Private/CXR/Merged/images/26_0508C_07.png,1
C00538,C00538.png,/shared/home/mai/JeongGeon/Private/CXR/Merged/images/26_0508C_08.png,1
C00539,C00539.png,/shared/home/mai/JeongGeon/Private/CXR/Merged/images/26_0508B_06.png,0
C00540,C00540.png,/shared/home/mai/JeongGeon/Private/CXR/Merged/images/26_0508B_07.png,0
C00541,C00541.png,/shared/home/mai/JeongGeon/Private/CXR/Merged/images/26_0508B_08.png,0
C00542,C00542.png,/shared/home/mai/JeongGeon/Private/CXR/Merged/images/26_0508B_09.png,0
C00543,C00543.png,/shared/home/mai/JeongGeon/Private/CXR/Merged/images/26_0520A_04.png,0
C00544,C00544.png,/shared/home/mai/JeongGeon/Private/CXR/Merged/images/26_0520A_07.png,0
C00545,C00545.png,/shared/home/mai/JeongGeon/Private/CXR/Merged/images/26_0520A_08.png,0
C00546,C00546.png,/shared/home/mai/JeongGeon/Private/CXR/Merged/images/26_0520A_09.png,0
C00547,C00547.png,/shared/home/mai/JeongGeon/Private/CXR/Merged/images/26_0520A_10.png,0
C00548,C00548.png,/shared/home/mai/JeongGeon/Private/CXR/Merged/images/26_0520A_11.png,0
C00549,C00549.png,/shared/home/mai/JeongGeon/Private/CXR/Merged/images/26_0520A_19.png,0
C00550,C00550.png,/shared/home/mai/JeongGeon/Private/CXR/Merged/images/24_0601J_01.png,0
C00551,C00551.png,/shared/home/mai/JeongGeon/Private/CXR/Merged/images/24_0601J_02.png,0
C00552,C00552.png,/shared/home/mai/JeongGeon/Private/CXR/Merged/images/24_0601J_03.png,0
C00553,C00553.png,/shared/home/mai/JeongGeon/Private/CXR/Merged/images/24_0601J_04.png,0
C00554,C00554.png,/shared/home/mai/JeongGeon/Private/CXR/Merged/images/24_0601J_05.png,0
C00555,C00555.png,/shared/home/mai/JeongGeon/Private/CXR/Merged/images/24_0601J_06.png,0
C00556,C00556.png,/shared/home/mai/JeongGeon/Private/CXR/Merged/images/24_0601J_07.png,0
C00557,C00557.png,/shared/home/mai/JeongGeon/Private/CXR/Merged/images/24_0601J_08.png,0
C00558,C00558.png,/shared/home/mai/JeongGeon/Private/CXR/Merged/images/24_0601J_09.png,0
C00559,C00559.png,/shared/home/mai/JeongGeon/Private/CXR/Merged/images/24_0601J_10.png,0
C00560,C00560.png,/shared/home/mai/JeongGeon/Private/CXR/Merged/images/24_0509G_01.png,0
C00561,C00561.png,/shared/home/mai/JeongGeon/Private/CXR/Merged/images/24_0509G_02.png,0
C00562,C00562.png,/shared/home/mai/JeongGeon/Private/CXR/Merged/images/24_0509G_03.png,0
C00563,C00563.png,/shared/home/mai/JeongGeon/Private/CXR/Merged/images/24_0509G_04.png,0
C00564,C00564.png,/shared/home/mai/JeongGeon/Private/CXR/Merged/images/24_0509G_05.png,0
C00565,C00565.png,/shared/home/mai/JeongGeon/Private/CXR/Merged/images/24_0509G_06.png,0
C00566,C00566.png,/shared/home/mai/JeongGeon/Private/CXR/Merged/images/24_0509G_07.png,0
C00567,C00567.png,/shared/home/mai/JeongGeon/Private/CXR/Merged/images/26_0508D_01.png,0
C00568,C00568.png,/shared/home/mai/JeongGeon/Private/CXR/Merged/images/26_0508D_02.png,0
C00569,C00569.png,/shared/home/mai/JeongGeon/Private/CXR/Merged/images/26_0508D_11.png,0
C00570,C00570.png,/shared/home/mai/JeongGeon/Private/CXR/Merged/images/26_0508D_12.png,0
C00571,C00571.png,/shared/home/mai/JeongGeon/Private/CXR/Merged/images/26_0508D_13.png,0
C00572,C00572.png,/shared/home/mai/JeongGeon/Private/CXR/Merged/images/26_0427C_03.png,0
C00573,C00573.png,/shared/home/mai/JeongGeon/Private/CXR/Merged/images/26_0427C_04.png,0
C00574,C00574.png,/shared/home/mai/JeongGeon/Private/CXR/Merged/images/26_0427C_07.png,0
C00575,C00575.png,/shared/home/mai/JeongGeon/Private/CXR/Merged/images/26_0427C_08.png,0
C00576,C00576.png,/shared/home/mai/JeongGeon/Private/CXR/Merged/images/26_0427C_10.png,0
C00577,C00577.png,/shared/home/mai/JeongGeon/Private/CXR/Merged/images/26_0420A_01.png,0
C00578,C00578.png,/shared/home/mai/JeongGeon/Private/CXR/Merged/images/26_0420A_04.png,0
C00579,C00579.png,/shared/home/mai/JeongGeon/Private/CXR/Merged/images/26_0420A_05.png,0
C00580,C00580.png,/shared/home/mai/JeongGeon/Private/CXR/Merged/images/26_0420A_06.png,0
C00581,C00581.png,/shared/home/mai/JeongGeon/Private/CXR/Merged/images/26_0420A_07.png,0
C00582,C00582.png,/shared/home/mai/JeongGeon/Private/CXR/Merged/images/24_0509C_01.png,0
C00583,C00583.png,/shared/home/mai/JeongGeon/Private/CXR/Merged/images/24_0509C_02.png,0
C00584,C00584.png,/shared/home/mai/JeongGeon/Private/CXR/Merged/images/24_0509C_03.png,0
C00585,C00585.png,/shared/home/mai/JeongGeon/Private/CXR/Merged/images/24_0509C_04.png,0
C00586,C00586.png,/shared/home/mai/JeongGeon/Private/CXR/Merged/images/24_0509C_05.png,0
C00587,C00587.png,/shared/home/mai/JeongGeon/Private/CXR/Merged/images/24_0509C_06.png,0
C00588,C00588.png,/shared/home/mai/JeongGeon/Private/CXR/Merged/images/24_0509C_07.png,0
C00589,C00589.png,/shared/home/mai/JeongGeon/Private/CXR/Merged/images/24_0509C_08.png,0
C00590,C00590.png,/shared/home/mai/JeongGeon/Private/CXR/Merged/images/24_0509C_09.png,0
C00591,C00591.png,/shared/home/mai/JeongGeon/Private/CXR/Merged/images/24_0509C_11.png,0
C00592,C00592.png,/shared/home/mai/JeongGeon/Private/CXR/Merged/images/24_1113H_04.png,0
C00593,C00593.png,/shared/home/mai/JeongGeon/Private/CXR/Merged/images/24_1113H_05.png,0
C00594,C00594.png,/shared/home/mai/JeongGeon/Private/CXR/Merged/images/24_1113H_06.png,0
C00595,C00595.png,/shared/home/mai/JeongGeon/Private/CXR/Merged/images/24_1113H_07.png,0
C00596,C00596.png,/shared/home/mai/JeongGeon/Private/CXR/Merged/images/24_1113H_08.png,0
C00597,C00597.png,/shared/home/mai/JeongGeon/Private/CXR/Merged/images/24_1113H_09.png,0
C00598,C00598.png,/shared/home/mai/JeongGeon/Private/CXR/Merged/images/24_1113H_10.png,0
C00599,C00599.png,/shared/home/mai/JeongGeon/Private/CXR/Merged/images/24_1113H_11.png,0
C00600,C00600.png,/shared/home/mai/JeongGeon/Private/CXR/Merged/images/24_1113H_12.png,0
C00601,C00601.png,/shared/home/mai/JeongGeon/Private/CXR/Merged/images/24_0601F_01.png,0
C00602,C00602.png,/shared/home/mai/JeongGeon/Private/CXR/Merged/images/24_0601F_02.png,0
C00603,C00603.png,/shared/home/mai/JeongGeon/Private/CXR/Merged/images/24_0601F_03.png,0
C00604,C00604.png,/shared/home/mai/JeongGeon/Private/CXR/Merged/images/24_0601F_04.png,0
C00605,C00605.png,/shared/home/mai/JeongGeon/Private/CXR/Merged/images/24_0601F_05.png,0
C00606,C00606.png,/shared/home/mai/JeongGeon/Private/CXR/Merged/images/24_0601F_06.png,0
C00607,C00607.png,/shared/home/mai/JeongGeon/Private/CXR/Merged/images/24_0601F_07.png,0
C00608,C00608.png,/shared/home/mai/JeongGeon/Private/CXR/Merged/images/26_0527B_01.png,0
C00609,C00609.png,/shared/home/mai/JeongGeon/Private/CXR/Merged/images/26_0527B_02.png,0
C00610,C00610.png,/shared/home/mai/JeongGeon/Private/CXR/Merged/images/26_0527B_04.png,0
C00611,C00611.png,/shared/home/mai/JeongGeon/Private/CXR/Merged/images/26_0527B_05.png,0
C00612,C00612.png,/shared/home/mai/JeongGeon/Private/CXR/Merged/images/26_0527B_06.png,0
C00613,C00613.png,/shared/home/mai/JeongGeon/Private/CXR/Merged/images/26_0527B_07.png,0
C00614,C00614.png,/shared/home/mai/JeongGeon/Private/CXR/Merged/images/26_0527B_11.png,0
C00615,C00615.png,/shared/home/mai/JeongGeon/Private/CXR/Merged/images/26_0424B_09.png,0
C00616,C00616.png,/shared/home/mai/JeongGeon/Private/CXR/Merged/images/26_0424B_10.png,0
C00617,C00617.png,/shared/home/mai/JeongGeon/Private/CXR/Merged/images/26_0424B_14.png,0
C00618,C00618.png,/shared/home/mai/JeongGeon/Private/CXR/Merged/images/26_0424B_15.png,0
C00619,C00619.png,/shared/home/mai/JeongGeon/Private/CXR/Merged/images/24_0601D_01.png,0
C00620,C00620.png,/shared/home/mai/JeongGeon/Private/CXR/Merged/images/24_0601D_02.png,0
C00621,C00621.png,/shared/home/mai/JeongGeon/Private/CXR/Merged/images/24_0601D_03.png,0
C00622,C00622.png,/shared/home/mai/JeongGeon/Private/CXR/Merged/images/24_0601D_04.png,0
C00623,C00623.png,/shared/home/mai/JeongGeon/Private/CXR/Merged/images/24_0601D_05.png,0
C00624,C00624.png,/shared/home/mai/JeongGeon/Private/CXR/Merged/images/24_0601D_06.png,0
C00625,C00625.png,/shared/home/mai/JeongGeon/Private/CXR/Merged/images/24_0601D_07.png,0
C00626,C00626.png,/shared/home/mai/JeongGeon/Private/CXR/Merged/images/24_0601D_08.png,0
C00627,C00627.png,/shared/home/mai/JeongGeon/Private/CXR/Merged/images/24_0601D_09.png,0
C00628,C00628.png,/shared/home/mai/JeongGeon/Private/CXR/Merged/images/24_0601D_10.png,0
C00629,C00629.png,/shared/home/mai/JeongGeon/Private/CXR/Merged/images/24_1113C_01.png,0
C00630,C00630.png,/shared/home/mai/JeongGeon/Private/CXR/Merged/images/24_1113C_02.png,0
C00631,C00631.png,/shared/home/mai/JeongGeon/Private/CXR/Merged/images/24_1113C_03.png,0
C00632,C00632.png,/shared/home/mai/JeongGeon/Private/CXR/Merged/images/24_1113C_04.png,0
C00633,C00633.png,/shared/home/mai/JeongGeon/Private/CXR/Merged/images/24_1113C_05.png,0
C00634,C00634.png,/shared/home/mai/JeongGeon/Private/CXR/Merged/images/24_1113C_06.png,0
C00635,C00635.png,/shared/home/mai/JeongGeon/Private/CXR/Merged/images/24_1113C_07.png,0
C00636,C00636.png,/shared/home/mai/JeongGeon/Private/CXR/Merged/images/24_1113C_08.png,0
C00637,C00637.png,/shared/home/mai/JeongGeon/Private/CXR/Merged/images/24_1113C_09.png,0
C00638,C00638.png,/shared/home/mai/JeongGeon/Private/CXR/Merged/images/24_1113C_10.png,0
C00639,C00639.png,/shared/home/mai/JeongGeon/Private/CXR/Merged/images/24_1113C_11.png,0
C00640,C00640.png,/shared/home/mai/JeongGeon/Private/CXR/Merged/images/24_1113C_12.png,0
C00641,C00641.png,/shared/home/mai/JeongGeon/Private/CXR/Merged/images/24_1213C_06.png,0
C00642,C00642.png,/shared/home/mai/JeongGeon/Private/CXR/Merged/images/24_1213C_07.png,0
C00643,C00643.png,/shared/home/mai/JeongGeon/Private/CXR/Merged/images/24_1213C_08.png,0
C00644,C00644.png,/shared/home/mai/JeongGeon/Private/CXR/Merged/images/24_1213C_09.png,0
C00645,C00645.png,/shared/home/mai/JeongGeon/Private/CXR/Merged/images/24_1213C_10.png,0
C00646,C00646.png,/shared/home/mai/JeongGeon/Private/CXR/Merged/images/24_0506J_01.png,0
C00647,C00647.png,/shared/home/mai/JeongGeon/Private/CXR/Merged/images/24_0506J_02.png,0
C00648,C00648.png,/shared/home/mai/JeongGeon/Private/CXR/Merged/images/24_0506J_03.png,0
C00649,C00649.png,/shared/home/mai/JeongGeon/Private/CXR/Merged/images/24_0506J_04.png,0
C00650,C00650.png,/shared/home/mai/JeongGeon/Private/CXR/Merged/images/24_0506J_05.png,0
C00651,C00651.png,/shared/home/mai/JeongGeon/Private/CXR/Merged/images/24_0506J_06.png,0
C00652,C00652.png,/shared/home/mai/JeongGeon/Private/CXR/Merged/images/24_0506J_07.png,0
C00653,C00653.png,/shared/home/mai/JeongGeon/Private/CXR/Merged/images/24_0506J_08.png,0
C00654,C00654.png,/shared/home/mai/JeongGeon/Private/CXR/Merged/images/24_0506J_09.png,0
C00655,C00655.png,/shared/home/mai/JeongGeon/Private/CXR/Merged/images/24_0506J_10.png,0
C00656,C00656.png,/shared/home/mai/JeongGeon/Private/CXR/Merged/images/26_0522D_01.png,0
C00657,C00657.png,/shared/home/mai/JeongGeon/Private/CXR/Merged/images/26_0522D_03.png,0
C00658,C00658.png,/shared/home/mai/JeongGeon/Private/CXR/Merged/images/26_0522D_04.png,0
C00659,C00659.png,/shared/home/mai/JeongGeon/Private/CXR/Merged/images/26_0522D_06.png,0
C00660,C00660.png,/shared/home/mai/JeongGeon/Private/CXR/Merged/images/26_0522D_07.png,0
C00661,C00661.png,/shared/home/mai/JeongGeon/Private/CXR/Merged/images/24_1113J_01.png,0
C00662,C00662.png,/shared/home/mai/JeongGeon/Private/CXR/Merged/images/24_1113J_02.png,0
C00663,C00663.png,/shared/home/mai/JeongGeon/Private/CXR/Merged/images/24_1113J_03.png,0
C00664,C00664.png,/shared/home/mai/JeongGeon/Private/CXR/Merged/images/24_1113J_04.png,0
C00665,C00665.png,/shared/home/mai/JeongGeon/Private/CXR/Merged/images/24_1113J_05.png,0
C00666,C00666.png,/shared/home/mai/JeongGeon/Private/CXR/Merged/images/24_1113J_06.png,0
C00667,C00667.png,/shared/home/mai/JeongGeon/Private/CXR/Merged/images/24_1113J_07.png,0
C00668,C00668.png,/shared/home/mai/JeongGeon/Private/CXR/Merged/images/24_1113J_08.png,0
C00669,C00669.png,/shared/home/mai/JeongGeon/Private/CXR/Merged/images/24_1113J_09.png,0
C00670,C00670.png,/shared/home/mai/JeongGeon/Private/CXR/Merged/images/24_1113G_01.png,0
C00671,C00671.png,/shared/home/mai/JeongGeon/Private/CXR/Merged/images/24_1113G_02.png,0
C00672,C00672.png,/shared/home/mai/JeongGeon/Private/CXR/Merged/images/24_1113G_03.png,0
C00673,C00673.png,/shared/home/mai/JeongGeon/Private/CXR/Merged/images/24_1113G_04.png,0
C00674,C00674.png,/shared/home/mai/JeongGeon/Private/CXR/Merged/images/24_1113G_05.png,0
C00675,C00675.png,/shared/home/mai/JeongGeon/Private/CXR/Merged/images/24_1113G_06.png,0
C00676,C00676.png,/shared/home/mai/JeongGeon/Private/CXR/Merged/images/24_1113G_07.png,0
C00677,C00677.png,/shared/home/mai/JeongGeon/Private/CXR/Merged/images/24_1113G_08.png,0
C00678,C00678.png,/shared/home/mai/JeongGeon/Private/CXR/Merged/images/24_1113C_01.png,1
C00679,C00679.png,/shared/home/mai/JeongGeon/Private/CXR/Merged/images/24_1113C_02.png,1
C00680,C00680.png,/shared/home/mai/JeongGeon/Private/CXR/Merged/images/24_1113C_03.png,1
C00681,C00681.png,/shared/home/mai/JeongGeon/Private/CXR/Merged/images/24_1113C_04.png,1
C00682,C00682.png,/shared/home/mai/JeongGeon/Private/CXR/Merged/images/24_1113C_05.png,1
C00683,C00683.png,/shared/home/mai/JeongGeon/Private/CXR/Merged/images/24_1113C_06.png,1
C00684,C00684.png,/shared/home/mai/JeongGeon/Private/CXR/Merged/images/24_1113C_07.png,1
C00685,C00685.png,/shared/home/mai/JeongGeon/Private/CXR/Merged/images/24_1113C_08.png,1
C00686,C00686.png,/shared/home/mai/JeongGeon/Private/CXR/Merged/images/24_1113C_09.png,1
C00687,C00687.png,/shared/home/mai/JeongGeon/Private/CXR/Merged/images/24_1113C_10.png,1
C00688,C00688.png,/shared/home/mai/JeongGeon/Private/CXR/Merged/images/24_1113C_11.png,1
C00689,C00689.png,/shared/home/mai/JeongGeon/Private/CXR/Merged/images/24_1113C_12.png,1
C00690,C00690.png,/shared/home/mai/JeongGeon/Private/CXR/Merged/images/26_0422A_02.png,0
C00691,C00691.png,/shared/home/mai/JeongGeon/Private/CXR/Merged/images/26_0422A_03.png,0
C00692,C00692.png,/shared/home/mai/JeongGeon/Private/CXR/Merged/images/26_0422A_08.png,0
C00693,C00693.png,/shared/home/mai/JeongGeon/Private/CXR/Merged/images/26_0422A_10.png,0
C00694,C00694.png,/shared/home/mai/JeongGeon/Private/CXR/Merged/images/26_0422A_11.png,0
C00695,C00695.png,/shared/home/mai/JeongGeon/Private/CXR/Merged/images/24_0601B_04.png,1
C00696,C00696.png,/shared/home/mai/JeongGeon/Private/CXR/Merged/images/24_0601B_05.png,1
C00697,C00697.png,/shared/home/mai/JeongGeon/Private/CXR/Merged/images/24_0601B_06.png,1
C00698,C00698.png,/shared/home/mai/JeongGeon/Private/CXR/Merged/images/24_0601B_07.png,1
C00699,C00699.png,/shared/home/mai/JeongGeon/Private/CXR/Merged/images/24_0601B_08.png,1
C00700,C00700.png,/shared/home/mai/JeongGeon/Private/CXR/Merged/images/24_0601B_09.png,1
C00701,C00701.png,/shared/home/mai/JeongGeon/Private/CXR/Merged/images/24_0601B_10.png,1
C00702,C00702.png,/shared/home/mai/JeongGeon/Private/CXR/Merged/images/24_1213D_01.png,0
C00703,C00703.png,/shared/home/mai/JeongGeon/Private/CXR/Merged/images/24_1213D_02.png,0
C00704,C00704.png,/shared/home/mai/JeongGeon/Private/CXR/Merged/images/24_1213D_03.png,0
C00705,C00705.png,/shared/home/mai/JeongGeon/Private/CXR/Merged/images/24_1213D_04.png,0
C00706,C00706.png,/shared/home/mai/JeongGeon/Private/CXR/Merged/images/24_1213D_05.png,0
C00707,C00707.png,/shared/home/mai/JeongGeon/Private/CXR/Merged/images/24_1213D_06.png,0
C00708,C00708.png,/shared/home/mai/JeongGeon/Private/CXR/Merged/images/24_1213D_07.png,0
C00709,C00709.png,/shared/home/mai/JeongGeon/Private/CXR/Merged/images/24_1213D_08.png,0
C00710,C00710.png,/shared/home/mai/JeongGeon/Private/CXR/Merged/images/24_1213D_11.png,0
C00711,C00711.png,/shared/home/mai/JeongGeon/Private/CXR/Merged/images/24_0506J_01.png,1
C00712,C00712.png,/shared/home/mai/JeongGeon/Private/CXR/Merged/images/24_0506J_02.png,1
C00713,C00713.png,/shared/home/mai/JeongGeon/Private/CXR/Merged/images/24_0506J_03.png,1
C00714,C00714.png,/shared/home/mai/JeongGeon/Private/CXR/Merged/images/24_0506J_04.png,1
C00715,C00715.png,/shared/home/mai/JeongGeon/Private/CXR/Merged/images/24_0506J_05.png,1
C00716,C00716.png,/shared/home/mai/JeongGeon/Private/CXR/Merged/images/24_0506J_06.png,1
C00717,C00717.png,/shared/home/mai/JeongGeon/Private/CXR/Merged/images/24_0506J_07.png,1
C00718,C00718.png,/shared/home/mai/JeongGeon/Private/CXR/Merged/images/24_0506J_08.png,1
C00719,C00719.png,/shared/home/mai/JeongGeon/Private/CXR/Merged/images/24_0506J_09.png,1
C00720,C00720.png,/shared/home/mai/JeongGeon/Private/CXR/Merged/images/24_0506J_10.png,1
C00721,C00721.png,/shared/home/mai/JeongGeon/Private/CXR/Merged/images/26_0527A_12.png,0
C00722,C00722.png,/shared/home/mai/JeongGeon/Private/CXR/Merged/images/26_0527A_13.png,0
C00723,C00723.png,/shared/home/mai/JeongGeon/Private/CXR/Merged/images/26_0508B_06.png,1
C00724,C00724.png,/shared/home/mai/JeongGeon/Private/CXR/Merged/images/26_0508B_07.png,1
C00725,C00725.png,/shared/home/mai/JeongGeon/Private/CXR/Merged/images/26_0508B_08.png,1
C00726,C00726.png,/shared/home/mai/JeongGeon/Private/CXR/Merged/images/26_0508B_09.png,1
